{
    "my_dft": [
        0.018817799999965246,
        0.07465430000002016,
        0.3049483000000919,
        1.2537640000000465,
        4.91323669999997,
        19.614154999999982,
        76.55850039999996
    ],
    "np_fft": [
        0.00904209999998784,
        4.219999993892998e-05,
        6.199999995715189e-05,
        6.800000005569018e-05,
        0.00010410000004412723,
        0.00019940000004226022,
        0.00022350000006099435
    ]
}